Transaction ID, Amount, Description, Category ID, Date
1, 150.5, Weekly grocery shopping, 6, 2023-11-01
2, 32.0, cm,xm.c, 1, 2023-11-08
4, 3000.0, alert check, 3, 2023-11-07
5, 1.0, jkjhk, 1, 2023-11-15
6, 7482.0, check, 1, 2010-04-02
7, 23.0, dsaf, 1, 2010-02-02
28, 10000.0, dkjdkljsaldjlsk, 7, 2002-01-01
30, 150.5, Weekly grocery shopping, 6, 2024-11-25
31, 2000.0, add transaction check, 7, 2024-11-26
32, 3232.0, nclkjdsa, 7, 2024-11-14
33, 90.0, dlkqjd, 3, 2024-11-28
34, 2000.0, alert check, 1, 2024-11-05
35, 22.0, ui check, 1, 2024-11-19
36, 892.0, jkas, 6, 2024-11-04
37, 892.0, jkas, 6, 2024-11-04
38, 32.0, cm,xm.c, 1, 2024-11-26
